"Site","Style"
"Oak Grove","Unincised"
"Maple Knoll","Incised"
"Cypress Swamp","Unincised"
"Cypress Swamp","Incised"
"Cypress Swamp","Incised"
"Cypress Swamp","Unincised"
"Cypress Swamp","Incised"
"Oak Grove","Incised"
"Oak Grove","Unincised"
"Maple Knoll","Unincised"
"Oak Grove","Incised"
"Oak Grove","Unincised"
"Maple Knoll","Incised"
"Maple Knoll","Unincised"
"Cypress Swamp","Unincised"
"Cypress Swamp","Incised"
"Oak Grove","Unincised"
"Maple Knoll","Incised"
"Maple Knoll","Unincised"
"Cypress Swamp","Incised"
"Oak Grove","Incised"
"Oak Grove","Unincised"
"Maple Knoll","Unincised"
"Cypress Swamp","Unincised"
"Oak Grove","Incised"
"Oak Grove","Unincised"
"Maple Knoll","Incised"
"Maple Knoll","Unincised"
"Oak Grove","Incised"
"Oak Grove","Unincised"
"Maple Knoll","Incised"
"Cypress Swamp","Incised"
"Cypress Swamp","Unincised"
"Oak Grove","Incised"
"Oak Grove","Unincised"
"Maple Knoll","Incised"
"Maple Knoll","Unincised"
"Cypress Swamp","Unincised"
"Maple Knoll","Incised"
"Cypress Swamp","Unincised"
"Oak Grove","Incised"
"Oak Grove","Unincised"
"Maple Knoll","Unincised"
"Cypress Swamp","Unincised"
"Maple Knoll","Incised"
"Oak Grove","Incised"
"Oak Grove","Unincised"
"Maple Knoll","Unincised"
"Oak Grove","Incised"
"Oak Grove","Unincised"
"Oak Grove","Unincised"
"Maple Knoll","Incised"
"Cypress Swamp","Unincised"
"Cypress Swamp","Unincised"
"Oak Grove","Incised"
"Oak Grove","Unincised"
"Maple Knoll","Unincised"
"Cypress Swamp","Incised"
"Cypress Swamp","Incised"
"Oak Grove","Incised"
"Oak Grove","Unincised"
"Maple Knoll","Unincised"
"Cypress Swamp","Unincised"
"Cypress Swamp","Incised"
"Oak Grove","Incised"
"Oak Grove","Unincised"
"Maple Knoll","Unincised"
"Cypress Swamp","Unincised"
"Cypress Swamp","Incised"
"Oak Grove","Unincised"
"Maple Knoll","Incised"
"Cypress Swamp","Unincised"
"Oak Grove","Unincised"
"Maple Knoll","Incised"
"Cypress Swamp","Unincised"
"Cypress Swamp","Incised"
"Oak Grove","Incised"
"Oak Grove","Unincised"
"Oak Grove","Unincised"
"Maple Knoll","Incised"
"Cypress Swamp","Unincised"
"Oak Grove","Incised"
"Oak Grove","Unincised"
"Oak Grove","Unincised"
"Maple Knoll","Incised"
"Cypress Swamp","Unincised"
"Oak Grove","Incised"
"Oak Grove","Unincised"
"Maple Knoll","Incised"
"Cypress Swamp","Incised"
"Cypress Swamp","Unincised"
"Oak Grove","Incised"
"Oak Grove","Unincised"
"Maple Knoll","Incised"
"Cypress Swamp","Incised"
"Cypress Swamp","Unincised"
"Cypress Swamp","Unincised"
"Oak Grove","Incised"
"Oak Grove","Unincised"
"Maple Knoll","Incised"
"Maple Knoll","Unincised"
"Oak Grove","Incised"
"Oak Grove","Unincised"
"Maple Knoll","Incised"
"Cypress Swamp","Incised"
"Cypress Swamp","Unincised"
"Oak Grove","Incised"
"Oak Grove","Unincised"
"Oak Grove","Unincised"
"Maple Knoll","Incised"
"Cypress Swamp","Unincised"
"Cypress Swamp","Incised"
"Oak Grove","Incised"
"Oak Grove","Unincised"
"Maple Knoll","Unincised"
"Maple Knoll","Incised"
"Oak Grove","Incised"
"Oak Grove","Unincised"
"Cypress Swamp","Incised"
"Cypress Swamp","Unincised"
"Cypress Swamp","Unincised"
"Oak Grove","Incised"
"Oak Grove","Unincised"
"Maple Knoll","Unincised"
"Cypress Swamp","Incised"
"Oak Grove","Incised"
"Oak Grove","Unincised"
"Oak Grove","Unincised"
"Maple Knoll","Incised"
"Cypress Swamp","Unincised"
"Oak Grove","Incised"
"Oak Grove","Unincised"
"Maple Knoll","Unincised"
"Cypress Swamp","Unincised"
"Cypress Swamp","Incised"
"Cypress Swamp","Unincised"
"Oak Grove","Incised"
"Oak Grove","Unincised"
"Maple Knoll","Incised"
"Maple Knoll","Unincised"
